momento,segundos,rss_daemon_kb,rss_mcp_kb,threads,fds,db_bytes,wal_bytes,chamadas,ciclos
2026-10-05T14:54:06Z,0,13516,21508,5,16,167936,0,0,0
2026-10-05T14:54:16Z,10,16060,94680,6,18,167936,440872,7,5
2026-10-05T14:54:26Z,20,16320,94680,5,18,167936,906432,14,10
2026-10-05T14:54:36Z,30,16380,94680,5,18,167936,1297832,20,15
2026-10-05T14:54:46Z,40,16408,94680,5,18,167936,1771632,27,20
2026-10-05T14:54:56Z,50,16464,94680,5,18,167936,2249552,34,25
2026-10-05T14:55:06Z,60,16484,94680,5,18,167936,2636832,40,30
2026-10-05T14:55:16Z,70,16524,94680,6,18,331776,490312,47,35
2026-10-05T14:55:26Z,80,16532,94680,5,18,331776,955872,54,40
2026-10-05T14:55:37Z,91,16544,94680,5,18,331776,1347272,60,45
2026-10-05T14:55:47Z,101,16576,94680,5,18,331776,1841672,67,50
2026-10-05T14:55:57Z,111,16612,94680,5,18,331776,2319592,74,55
2026-10-05T14:56:07Z,121,16624,94680,6,18,503808,86552,81,61
2026-10-05T14:56:17Z,131,16632,94680,5,18,503808,531512,88,66
2026-10-05T14:56:27Z,141,16644,94680,5,18,503808,1017672,95,71
2026-10-05T14:56:37Z,151,16648,94680,5,18,503808,1483232,102,76
2026-10-05T14:56:47Z,161,16656,94680,5,18,503808,1874632,108,81
2026-10-05T14:56:57Z,171,16668,94680,5,18,503808,2348432,115,86
2026-10-05T14:57:07Z,181,16672,94680,6,18,667648,168952,122,91
2026-10-05T14:57:17Z,191,16672,94680,5,18,667648,560352,128,96
2026-10-05T14:57:28Z,202,16684,94680,5,18,667648,1046512,135,101
2026-10-05T14:57:38Z,212,16688,94680,5,18,667648,1512072,142,106
2026-10-05T14:57:48Z,222,16692,94680,5,18,667648,1903472,148,111
2026-10-05T14:57:58Z,232,16696,94680,5,18,667648,2381392,155,116
2026-10-05T14:58:08Z,242,16696,94680,6,18,843776,173072,162,121
2026-10-05T14:58:18Z,252,16696,94680,5,18,843776,535632,168,126
2026-10-05T14:58:28Z,262,16704,94680,5,18,843776,1021792,175,131
2026-10-05T14:58:38Z,272,16712,94680,5,18,843776,1487352,182,136
2026-10-05T14:58:48Z,282,16716,94680,5,18,843776,1891112,188,141
2026-10-05T14:58:58Z,292,16716,94680,5,18,843776,2373152,195,146
2026-10-05T14:59:08Z,302,16716,94680,6,18,1011712,173072,202,151
2026-10-05T14:59:19Z,313,16716,94680,5,18,1011712,535632,208,156
2026-10-05T14:59:29Z,323,16716,94680,5,18,1011712,1025912,215,161
2026-10-05T14:59:39Z,333,16720,94680,5,18,1011712,1491472,222,166
2026-10-05T14:59:49Z,343,16724,94680,5,18,1011712,1891112,229,172
2026-10-05T14:59:59Z,353,16724,94680,5,18,1011712,2414352,236,177
2026-10-05T15:00:09Z,363,16740,94680,6,18,1175552,234872,243,182
2026-10-05T15:00:19Z,373,16744,94680,5,18,1175552,721032,250,187
2026-10-05T15:00:29Z,383,16748,94680,5,18,1175552,1112432,256,192
2026-10-05T15:00:39Z,393,16752,94680,5,18,1175552,1598592,263,197
2026-10-05T15:00:49Z,403,16756,94680,5,18,1175552,2064152,270,202
2026-10-05T15:00:59Z,413,16760,94680,5,18,1175552,2455552,276,207
2026-10-05T15:01:10Z,424,16760,94680,6,18,1347584,222512,283,212
2026-10-05T15:01:20Z,434,16760,94680,5,18,1347584,700432,290,217
2026-10-05T15:01:30Z,444,16764,94680,5,18,1347584,1062992,296,222
2026-10-05T15:01:40Z,454,16768,94680,5,18,1347584,1577992,303,227
2026-10-05T15:01:50Z,464,16768,94680,5,18,1347584,2047672,310,232
2026-10-05T15:02:00Z,474,16768,94680,5,18,1347584,2467912,316,237
2026-10-05T15:02:10Z,484,16768,94680,6,18,1523712,226632,323,242
2026-10-05T15:02:20Z,494,16768,94680,5,18,1523712,704552,330,247
2026-10-05T15:02:30Z,504,16768,94680,5,18,1523712,1067112,336,252
2026-10-05T15:02:40Z,514,16768,94680,5,18,1523712,1553272,343,257
2026-10-05T15:02:50Z,524,16768,94680,5,18,1523712,2031192,350,262
2026-10-05T15:03:01Z,535,16772,94680,5,18,1523712,2439072,356,267
2026-10-05T15:03:11Z,545,16772,94680,6,18,1687552,255472,363,272
2026-10-05T15:03:21Z,555,16780,94680,5,18,1687552,733392,370,277
2026-10-05T15:03:31Z,565,16784,94680,5,18,1687552,1198952,377,283
2026-10-05T15:03:41Z,575,16784,94680,5,18,1687552,1668632,384,288
2026-10-05T15:03:51Z,585,16788,94680,5,18,1687552,2154792,391,293
2026-10-05T15:04:01Z,595,16788,94680,5,18,1687552,2645072,398,298
2026-10-05T15:04:11Z,605,16788,94680,6,18,1859584,296672,404,303
